0,1,2,3,4,target
1.2808421,3.088811,0.8064388,0.29316682,1.1621928,-1.0
2.2239609,2.4252193,0.56822795,2.5294228,2.0426211,-1.0
0.623792,0.69472003,2.3166988,1.950652,2.3982618,1.0
2.80942,2.0605788,0.47780898,2.8237581,2.0692277,-1.0
1.7669938,1.9751993,1.1079104,2.4873226,1.6377691,-1.0
0.751636,1.8428689,0.7079993,1.7712321,1.410691,1.0
2.648862,2.516441,0.44960216,2.3974328,2.4411426,-1.0
1.0930746,1.7915449,0.61431944,2.1634216,1.503539,1.0
2.7115037,2.2651577,0.3771613,2.3587449,2.237403,-1.0
1.729037,2.4921074,0.88015586,1.639241,1.6882447,-1.0
1.049078,0.54512095,1.9787724,2.315889,2.1153457,1.0
2.256109,2.8922608,0.25979543,1.2982641,2.3465269,-1.0
1.873211,1.7244087,1.4927263,2.4732897,1.608837,-1.0
2.711164,1.7000833,0.8175833,2.8620648,1.6643667,-1.0
1.0326529,3.0486662,1.0949044,1.4097819,0.85130006,-1.0
2.4876237,1.7283009,0.8192077,2.7057874,1.6707895,-1.0
0.829661,1.5358887,1.0558999,2.7179248,1.6401327,1.0
0.6227725,2.011935,0.81746686,2.2146194,1.2350848,1.0
1.8994232,1.0992465,1.8088269,1.9984328,1.438666,-1.0
1.2322689,1.5733496,0.9322748,3.067619,1.5973412,1.0
2.163811,2.4232678,0.7088119,2.6390352,1.9975579,-1.0
1.5562267,1.4801799,0.9000036,2.722477,1.5871975,1.0
1.0131466,0.8144016,1.9320997,3.1336145,2.0079496,1.0
2.713724,2.513032,0.39538327,2.2571,2.4905617,-1.0
1.7246827,1.6161662,0.8810772,2.3424308,1.58191,-1.0
1.16095,2.993216,1.0576476,1.5463194,1.0398301,-1.0
2.3987243,2.7207732,0.16612493,1.3468368,2.3863373,-1.0
2.087508,1.5322398,1.4534914,2.2950284,1.5434252,-1.0
1.9460707,2.698391,0.49161434,1.99767,1.9261178,-1.0
2.0691571,1.7300031,1.3293922,2.869251,1.6299963,-1.0
0.8282337,0.092185766,2.4814148,1.7094309,2.6465485,1.0
1.1148916,1.6125127,0.9768476,2.9041555,1.5851203,1.0
1.2289387,1.7475209,0.6647002,2.3314373,1.5394865,1.0
2.1057453,2.7903416,0.28266436,1.6290044,2.125334,-1.0
2.9289496,2.3096755,0.3311931,2.419053,2.4189825,-1.0
1.408276,1.9671705,0.5385173,2.077686,1.5230685,1.0
1.1408094,0.8292369,1.934308,2.5366292,1.9084871,1.0
2.5236456,1.674299,0.9386559,2.7759569,1.6288208,-1.0
1.8728713,2.650958,0.4129143,2.2707536,1.8423791,-1.0
1.9917891,1.5984038,1.4149475,2.886322,1.5748056,-1.0
2.693085,2.5726318,0.31297112,2.0754275,2.533238,-1.0
2.2472053,1.1418245,1.2040331,2.4118464,1.2996213,-1.0
1.8543618,1.717111,1.4518657,2.3401606,1.6053162,-1.0
0.9760598,1.6725956,1.043246,2.5711448,1.5521388,1.0
1.0935277,3.02532,0.7234384,0.22376885,0.9410146,-1.0
1.1048781,1.9742236,0.38585907,1.7962811,1.4239718,1.0
1.643964,1.5373476,0.8316285,2.5942786,1.5786469,1.0
1.0211892,1.5281043,1.1680362,2.507804,1.6297171,1.0
2.371266,1.6018094,0.821645,2.592762,1.570077,-1.0
2.8958955,1.567024,0.76430064,2.9109895,1.5207424,-1.0
2.5888026,1.2578502,1.1249673,2.881013,1.2562184,-1.0
2.8824608,2.5354142,0.34906283,2.2358582,2.6537855,-1.0
1.7848666,1.7492255,0.37808254,2.4888396,1.6046544,1.0
1.8704019,2.6533914,0.419187,2.2897165,1.840672,-1.0
2.5379865,2.9379892,0.22322951,1.3100259,2.7117558,-1.0
1.3115853,2.8185546,1.0079672,0.8636322,1.2729383,-1.0
2.0519843,1.8363094,1.137865,2.6329665,1.6723645,-1.0
2.1201994,1.3101499,1.1399513,2.4820127,1.4349521,-1.0
2.2902958,1.1004691,1.2308445,2.2677178,1.2548268,-1.0
1.7151561,1.7324353,1.2580081,2.1998217,1.5945848,-1.0
1.0680631,1.7881359,0.6015505,2.1300426,1.5012532,1.0
2.1081922,1.0917113,1.208084,2.3276448,1.3365527,-1.0
0.63391894,0.083428,3.0310686,1.6855259,2.9237697,1.0
0.5359346,0.95330334,2.1988723,2.4091918,2.2231345,1.0
1.6381575,1.7015433,0.643457,2.5089417,1.5854551,1.0
1.0303646,2.035775,0.5269067,1.6718575,1.3683292,1.0
2.5134962,2.2868114,0.4459984,2.5150104,2.1392336,-1.0
1.445868,1.2398527,1.2284058,2.854468,1.6337783,1.0
1.1426898,0.84237945,1.3665407,2.3841574,1.9017317,1.0
2.0366466,1.0579028,1.8680315,1.9597447,1.3572804,-1.0
1.2184945,2.0056105,0.40524617,1.8554424,1.4498839,1.0
1.2807968,1.045736,1.5903528,2.607554,1.7461425,1.0
2.5362647,1.156413,1.1007165,2.5021148,1.18675,-1.0
2.2647178,1.7455696,0.80028665,2.769507,1.659171,-1.0
1.5792121,2.0588741,0.097518116,1.2599573,1.5757796,1.0
1.7967539,2.2473955,0.9898536,2.4505315,1.6971918,-1.0
2.2220352,1.6969211,1.2749566,2.4239836,1.6265688,-1.0
1.2415124,1.3590406,1.2898186,2.5893478,1.6658663,1.0
2.1442595,1.081249,1.5184945,2.5703852,1.3140539,-1.0
0.9673375,2.004388,0.58611125,1.5846261,1.3623784,1.0
2.2350168,2.894694,0.28649843,1.3403839,2.3235424,-1.0
0.6906932,2.3048089,0.7869365,1.0589496,1.0185865,1.0
1.4095175,1.6957043,0.64659065,2.352679,1.569311,1.0
2.1692257,2.5040274,0.6559929,1.7306669,2.043618,-1.0
2.3859239,2.405517,0.5496537,2.3936403,2.147097,-1.0
1.1991695,0.8747303,1.5390468,2.5491464,1.8502281,1.0
1.7591007,1.6127559,1.4810073,2.1110651,1.5813117,-1.0
2.2308936,1.6869478,0.8946657,2.8631794,1.621437,-1.0
1.1498488,3.0068288,0.65796685,0.19836791,1.0204597,-1.0
2.6411817,2.8156393,0.14127798,1.2095368,2.7191648,-1.0
2.504502,2.8119833,0.17946965,1.3126951,2.5675535,-1.0
2.1669376,1.8820379,1.08179,2.7403047,1.7187977,-1.0
1.0072562,0.5200702,2.039711,2.4251218,2.1695406,1.0
1.7649661,2.4743567,0.86865366,2.3492649,1.7140092,-1.0
2.4071293,1.7886295,0.85124457,2.9181757,1.7072941,-1.0
0.12091152,2.6499822,0.74421716,1.3525271,0.20117298,1.0
1.6699927,1.0953555,1.3321831,2.217274,1.5467635,-1.0
1.3876212,2.793257,0.87271804,0.974358,1.3605782,-1.0
1.5656332,1.4101295,1.8415588,2.6105897,1.5879058,-1.0
1.7984167,2.8589344,0.52075595,1.324457,1.8109359,-1.0
1.1430749,0.50230783,2.0245104,2.4694972,2.041222,1.0
1.4751749,1.6076477,0.6832731,2.8131108,1.5835015,1.0
2.1633353,1.755303,1.2445414,2.5442157,1.6525424,-1.0
1.1323136,1.763332,0.73794854,2.1872973,1.5215583,1.0
2.5141306,1.6662712,0.9100968,2.698962,1.6216425,-1.0
0.98308295,1.8110118,0.82605624,2.4804955,1.4754736,1.0
1.2482862,1.0199564,1.6175164,2.5586262,1.7712084,1.0
1.8263599,1.7487317,0.40119535,2.6815157,1.6094573,1.0
2.5287433,1.290448,0.9933354,2.7050307,1.3035728,-1.0
1.1827444,1.9426017,0.6148993,1.8171357,1.4609532,1.0
1.7498754,2.189265,0.0065030144,0.7168288,1.6622726,1.0
2.1949394,1.0530361,1.5737566,2.508183,1.2739208,-1.0
1.1141894,0.8083241,1.4713748,2.3689873,1.9367338,1.0
1.4878778,1.1077691,0.9824158,2.727786,1.6322083,1.0
2.5786076,0.99562275,1.238499,2.3007157,1.0253166,-1.0
1.155694,0.5981495,1.9531126,2.7831607,1.9901279,1.0
1.4355553,2.6446335,1.0137657,1.1590868,1.4333013,-1.0
2.177155,2.032119,0.79599065,2.3879502,1.8005646,-1.0
1.9974756,0.8628104,1.8169557,2.2438247,1.3059847,-1.0
0.7129181,2.0939052,0.6718969,1.866823,1.2015367,1.0
1.3506885,1.8776531,0.36242113,2.1330636,1.5247598,1.0
1.8181043,2.0214217,0.17505302,2.005267,1.6636585,1.0
2.6627948,1.8630646,0.67619157,2.870395,1.8188647,-1.0
1.5917631,2.765044,0.73365384,2.0340703,1.578454,-1.0
2.5506508,2.7312238,0.04504692,0.9713369,2.5474799,-1.0
2.2997203,1.9849328,0.82234275,2.634483,1.8163651,-1.0
1.0693318,0.5222567,1.96368,2.2730298,2.1065114,1.0
1.418045,2.954529,0.66179824,0.4395889,1.367046,-1.0
2.4817107,1.968628,0.8385935,2.684927,1.8637291,-1.0
0.69603986,2.051821,0.6314996,1.3301473,1.2286439,1.0
0.7235661,0.113839194,2.8374412,2.1315677,2.7746003,1.0
1.446414,1.2897191,1.2156302,2.7998502,1.6268396,1.0
1.4761423,1.5898906,0.6510019,2.630312,1.5854157,1.0
2.1776083,1.1009511,1.523724,2.5301814,1.3081795,-1.0
1.632471,1.2242886,0.89906883,2.9052994,1.5689592,1.0
2.1394112,1.8097893,1.1234635,2.7175465,1.6765116,-1.0
2.2752752,2.3023753,0.41059762,2.3120933,2.0043244,-1.0
1.4665546,1.7857025,0.51971275,2.1774418,1.5627452,1.0
1.7027252,2.0141215,0.10227345,1.3214066,1.6207695,1.0
1.836736,2.602796,0.52307266,2.023071,1.7979413,-1.0
0.5638913,0.13961877,2.8048313,2.0678306,2.968813,1.0
1.584535,1.4305604,1.8610679,2.728924,1.5841154,-1.0
1.7632126,1.8224381,0.2797651,2.4645665,1.6132559,1.0
2.3645825,1.7540805,1.0027378,3.1192129,1.6765956,-1.0
2.4751632,2.371697,0.38331205,2.2187903,2.1838284,-1.0
2.590819,1.6611636,0.989393,2.8593957,1.6203111,-1.0
1.1656623,0.8209729,1.4276013,2.4118464,1.8938787,1.0
1.6674621,1.50232,0.86110747,2.7672338,1.5746088,1.0
2.3917916,2.4210813,0.6215161,2.369744,2.1625514,-1.0
2.3581939,1.0094941,1.2131915,2.172133,1.1597843,-1.0
1.953343,1.0656849,1.7856058,2.0530477,1.4022851,-1.0
1.2915127,1.3938248,0.6917473,2.4721515,1.6444486,1.0
2.0182505,2.533216,0.68048763,1.638097,1.9334426,-1.0
2.3807132,1.7497075,0.9488711,2.8999903,1.6754539,-1.0
0.3516108,2.6893864,0.660289,0.75437295,0.37272614,1.0
2.0257041,2.5198383,0.73365384,1.5948627,1.9344032,-1.0
2.4312572,2.781337,0.16020447,1.2265784,2.464895,-1.0
2.5141306,1.3300989,1.0217726,2.8100898,1.3410332,-1.0
1.5419221,2.7149308,1.0014642,1.2227945,1.5289958,-1.0
1.165549,2.0313902,0.47107565,1.3783094,1.4212216,1.0
2.4502199,2.466328,0.48500293,2.2294111,2.240267,-1.0
1.5350258,1.5431864,0.65587777,2.7687502,1.5864164,1.0
2.862071,2.8492007,0.118869685,1.2349378,2.9979298,-1.0
1.7246827,1.6161662,0.8810772,2.3424308,1.58191,-1.0
1.3180194,1.8246245,0.5122749,2.0913544,1.5304496,1.0
2.5227394,2.2554243,0.46596807,2.576454,2.1183968,-1.0
2.4018054,1.7728186,0.8877021,2.992912,1.6948899,-1.0
1.5463376,2.5633802,0.9681498,1.3676914,1.5401492,-1.0
2.7829587,2.8579586,0.15497495,1.2520086,2.9189594,-1.0
2.8230586,2.8117483,0.15949997,1.4223064,2.912553,-1.0
2.5321867,2.3383822,0.38366428,2.4497747,2.194466,-1.0
1.4822525,1.8275517,0.4083893,2.307544,1.5608191,1.0
0.93795353,0.7190537,2.315764,2.2601328,2.1198792,1.0
1.9877338,1.5782139,1.2805248,2.2165172,1.5676851,-1.0
2.5840902,1.2542061,1.0346566,2.7376473,1.2544916,-1.0
2.3912253,1.9608461,0.85612184,2.6268978,1.8293654,-1.0
2.842361,2.8377745,0.11492723,1.3278594,2.9629557,-1.0
1.548696,2.7030108,0.21092798,0.5097495,1.5362462,-1.0
1.3975396,1.6151885,0.6854787,2.6708949,1.5829524,1.0
2.0525281,1.830467,0.3120363,2.5688689,1.6700453,1.0
1.513766,2.10291,1.1347218,2.3981926,1.5463619,-1.0
1.13032,2.0703123,0.6050323,2.1512783,1.3915774,1.0
2.7906163,1.6353781,0.7292426,2.8427062,1.5999491,-1.0
2.4753447,2.7978768,0.18039091,1.3100259,2.524674,-1.0
1.1865731,0.8180576,1.620768,2.8499217,1.8797984,1.0
1.7410738,2.4539258,0.7601211,2.3860552,1.6927392,-1.0
2.6046839,1.9126842,0.8525181,2.7915053,1.8514837,-1.0
1.0330154,0.7603974,1.6393422,2.334092,2.0210183,1.0
2.114853,2.6816041,0.27361432,2.1262586,2.0837073,-1.0
2.008101,0.8579436,1.8035975,2.3845358,1.2968589,-1.0
2.6891656,2.5312762,0.38099536,2.1489906,2.4887455,-1.0
0.8895164,0.6047208,2.1272445,2.7922652,2.2328157,1.0
0.63634306,2.197047,0.646126,0.9466692,1.0786259,1.0
1.4187111,1.9990393,0.2681545,1.5979131,1.5212524,1.0
1.1925769,1.7195431,1.6788074,2.5153894,1.5454832,-1.0
1.0775104,0.9786009,1.4991074,2.7660956,1.8836292,1.0
0.74418247,0.6443717,2.1086702,2.6189344,2.3360918,1.0
1.1698989,0.84481287,1.3696839,2.5009766,1.88159,1.0
2.7378972,1.5568086,0.7811326,2.831707,1.5176115,-1.0
1.1018422,0.8611058,1.5303354,2.4463606,1.9221597,1.0
1.2143486,0.8182927,1.6800944,2.8980837,1.8595024,1.0
0.9352802,0.50571686,2.0359988,2.3306806,2.250019,1.0
2.7248251,2.6008446,0.36834157,2.1311865,2.589687,-1.0
1.0413072,1.8105181,0.59284323,2.0731397,1.4858755,1.0
2.7121835,1.6516757,0.740967,2.6060374,1.6153245,-1.0
2.4465723,0.98151624,1.2310748,2.1398978,1.0891995,-1.0
0.88691103,0.7830265,2.2558687,2.4827714,2.1204379,1.0
2.2692263,2.6723645,0.31958252,2.2028723,2.227079,-1.0
2.4416335,2.7465527,0.18399467,1.5250834,2.4491084,-1.0
2.585087,2.7560394,0.17621814,1.5796984,2.60459,-1.0
0.4954042,0.92507863,2.2006066,2.2662015,2.27586,1.0
2.6820745,2.4403014,0.44228625,2.4046397,2.393048,-1.0
0.88351274,0.0865902,2.8367503,2.3132315,2.57348,1.0
2.0257268,1.733652,1.285402,2.745992,1.6270461,-1.0
2.3839302,2.7594485,0.20419465,1.4989198,2.399237,-1.0
1.5392011,1.5981605,1.3775687,2.5525577,1.5833209,-1.0
1.9670948,2.0362568,0.90198165,2.4004657,1.7231323,-1.0
1.2788937,2.0092547,0.52411586,1.9222006,1.4700474,1.0
0.79839665,1.9572018,0.7337703,2.1528037,1.3374054,1.0
2.8274086,2.7319527,0.043299235,1.3574548,2.8279471,-1.0
2.5064957,1.3016391,1.0509142,2.6147606,1.3194793,-1.0
1.2783499,1.3938248,1.0535831,2.6830323,1.6471425,1.0
1.743797,2.228187,0.85739535,2.383779,1.664371,-1.0
1.2733204,2.9890783,0.7049811,0.4240433,1.1813349,-1.0
0.5993242,2.2021606,0.62488276,0.90232027,1.0545588,1.0
0.8692852,1.6022961,0.84497863,2.5206993,1.5933264,1.0
1.1045156,1.8063803,0.71891123,2.0151222,1.498715,1.0
2.7330263,2.5684938,0.2993825,2.004123,2.5635648,-1.0
2.3785157,2.738524,0.16936287,1.4530163,2.3787389,-1.0
1.9393194,2.2885041,0.725644,2.4994597,1.7914225,-1.0
0.58101875,0.08731904,3.027248,1.6172426,2.993992,1.0
1.7457634,1.613729,0.6873361,2.5760756,1.5815213,1.0
0.67381495,1.9124373,0.82060045,2.1835134,1.3366162,1.0
1.8145065,2.070794,0.044694677,1.295243,1.6721716,1.0
1.403498,1.9873662,0.30484235,1.6453127,1.518036,1.0
1.7492094,2.103392,0.09379243,1.2925738,1.649928,1.0
0.73072517,2.2233205,0.6246511,0.9144341,1.1075469,1.0
2.3272467,2.5405161,0.2339053,2.150897,2.1949341,-1.0
1.8629935,2.6047359,0.4341575,2.2423081,1.8218812,-1.0
2.356404,2.7713685,0.19514462,1.4181414,2.3789587,-1.0
2.263721,1.8834956,0.89512634,2.4964254,1.7428057,-1.0
1.663289,2.45757,0.67015594,2.160371,1.6339632,-1.0
2.0355818,2.370968,0.72529584,2.6777232,1.8829503,-1.0
1.9001483,1.6468114,0.45829993,2.8961773,1.58993,1.0
1.508442,1.4959909,1.8035975,2.652689,1.5919788,-1.0
1.2697409,1.4001492,1.2582384,2.6689973,1.6470331,1.0
1.8579414,2.6692023,0.430906,2.1766794,1.8327338,-1.0
0.9955207,2.8107724,0.53247494,0.90267223,0.932732,-1.0
1.8457528,2.4940588,0.7684788,1.6176238,1.7812678,-1.0
2.3762274,1.9659597,0.85194904,2.6674807,1.828336,-1.0
0.6843497,0.114321165,2.8289738,2.2267568,2.8278341,1.0
1.765571,1.8443266,0.29148406,2.4471202,1.6170757,1.0
2.63878,1.1398731,1.0865453,2.601107,1.1279768,-1.0
1.1412625,1.560943,0.8933922,2.9925308,1.6062418,1.0
0.78632134,0.15057479,2.72983,2.3693657,2.6617703,1.0
2.3918824,2.81685,0.13350147,1.0471878,2.4490144,-1.0
1.1346924,1.4534247,0.86971045,2.6143823,1.6515955,1.0
1.826088,2.6898801,0.62871414,2.0048857,1.806676,-1.0
1.3975396,1.8134334,0.41523102,2.278339,1.5473119,1.0
1.6635609,1.6395136,0.47514004,2.650794,1.5835176,1.0
1.0746331,1.0046273,1.4755474,2.7763352,1.8729888,1.0
0.66101474,2.0647166,0.6243029,1.2811933,1.203925,1.0
1.3780946,0.8299658,1.3882581,2.6037614,1.738061,1.0
1.0787791,1.5830796,0.8936225,2.9109895,1.5991516,1.0
1.3943951,1.949173,0.28695905,2.1542995,1.5219656,1.0
0.0,2.7005775,0.747932,1.1336566,0.014582398,1.0
0.9612885,1.850416,0.6554131,1.8876776,1.4489707,1.0
0.8352569,1.6609201,1.0714529,2.3962948,1.5533565,1.0
1.0139621,0.8100287,1.7345301,2.714892,2.0096636,1.0
2.205882,2.418166,0.65819854,2.6390352,2.0254676,-1.0
0.93509895,2.09561,0.65088534,1.324457,1.2963649,1.0
1.9907923,2.1836696,0.99565214,2.6909957,1.7850695,-1.0
2.4712665,1.3089391,0.9734877,2.5385256,1.3354493,-1.0
2.4090097,1.9732597,0.8115464,2.6727927,1.8440641,-1.0
2.7349067,1.0347917,1.187315,2.4376373,0.97733223,-1.0
1.0562823,1.4497805,0.8655241,2.5544553,1.665182,1.0
1.2179282,1.5838095,0.90569377,2.514631,1.5943496,1.0
1.6216735,1.9978285,0.24807645,1.67262,1.5912896,1.0
2.9755516,1.9678993,0.5330575,2.9341028,2.0196526,-1.0
2.1868062,2.5604649,0.6808358,1.9908359,2.0880785,-1.0
1.5088363,2.6054647,1.0057589,1.4101632,1.5046642,-1.0
0.45183802,0.9369986,2.2361293,2.3928807,2.2909458,1.0
2.755659,2.6249316,0.2532924,2.053429,2.6425824,-1.0
1.1470623,1.9987924,0.5288847,1.7499962,1.4275752,1.0
1.5409547,1.4094007,1.0020467,2.8715389,1.5926269,1.0
0.68863153,0.032350834,3.1076956,1.5334429,2.889513,1.0
1.0018415,0.8131908,1.5550604,2.324612,2.0168679,1.0
2.2962315,1.2760946,1.013996,2.5726614,1.3638581,-1.0
1.75529,0.97275853,1.8422633,1.6650527,1.4883672,-1.0
2.493922,2.0800457,0.80841136,2.6060374,1.9585638,-1.0
1.4171365,2.7436376,0.19977802,0.3064539,1.4001029,-1.0
2.1195652,2.8728056,0.23471817,1.1090182,2.1793122,-1.0
0.62442636,2.6210406,1.1380953,2.2385128,0.698319,-1.0
2.6888711,1.7134621,0.93459153,2.855612,1.6760178,-1.0
2.1543865,1.7827872,0.9448067,2.6287956,1.665393,-1.0
1.7496648,1.8925002,1.377799,2.668619,1.620572,-1.0
2.3802376,2.8754742,0.251206,1.3020772,2.478145,-1.0
0.9955207,2.8107724,0.53247494,0.90267223,0.932732,-1.0
1.7244403,2.5159473,0.92623246,1.561865,1.6873933,-1.0
2.6643126,2.7964191,0.1778439,1.3756402,2.725646,-1.0
1.5165482,1.5735929,0.6479834,2.6909957,1.5855118,1.0
1.0921457,1.591106,0.78867745,2.5237336,1.5950443,1.0
1.4171365,2.7436376,0.19977802,0.3064539,1.4001029,-1.0
1.480286,1.9562261,0.4674719,1.8440619,1.5469874,1.0
2.0784004,1.3792363,1.0592732,2.489219,1.4770015,-1.0
1.2681323,1.8710936,0.64879626,2.0181434,1.5073154,1.0
1.4933219,1.4582914,1.6727785,2.3890882,1.5971665,-1.0
1.9863745,1.0936509,1.8266968,1.9771968,1.3956109,-1.0
1.6056751,2.410619,0.8578695,2.233582,1.5896338,-1.0
0.9839665,3.053051,0.8044649,0.0,0.78562677,-1.0
2.407877,1.25517,1.0934006,2.5791082,1.3136202,-1.0
0.018622685,2.6762555,0.7423597,1.166273,0.06772528,1.0
1.5393507,1.84676,0.37820446,2.2711322,1.5706557,1.0
2.2496974,1.6716235,1.3347437,2.4357398,1.6134866,-1.0
2.5710406,2.583823,0.33584005,2.086808,2.4374232,-1.0
1.941313,0.9622962,1.8855625,2.0022163,1.3758413,-1.0
1.06505,3.0742106,0.80817974,0.28293017,0.88107073,-1.0
1.6429354,1.5648352,1.7596073,2.774059,1.5799102,-1.0
1.068856,2.9730203,0.9597907,0.9307423,0.9345133,-1.0
2.3808491,2.4266768,0.5696234,2.2927523,2.158571,-1.0
2.440931,1.1625023,1.1676975,2.5055282,1.2315029,-1.0
2.4341571,2.441277,0.46201208,2.4694972,2.2088122,-1.0
1.4377936,2.6319847,0.96233773,1.2375776,1.4371983,-1.0
2.4998577,1.0938978,1.2181907,2.4751844,1.1506824,-1.0
1.2758352,0.7835085,1.4776338,2.599212,1.8248664,1.0
0.68425906,0.642914,2.4137428,2.0644283,2.390366,1.0
1.7841122,2.505485,0.80086654,2.2358582,1.734224,-1.0
1.3792727,1.8521204,0.39898703,2.1565874,1.536489,1.0
2.307967,2.303833,0.64310884,2.0689745,2.0255637,-1.0
2.525141,1.0540117,1.1665324,2.3629186,1.1049255,-1.0
1.2505971,0.83872354,1.4916831,2.475944,1.8267283,1.0
1.4190441,2.0189881,0.24053024,1.4640156,1.5181708,1.0
2.174459,2.0141215,0.98810595,2.5859368,1.7900844,-1.0
0.91436934,0.18049225,2.332482,1.8736571,2.4724119,1.0
2.261954,2.4901676,0.58042246,2.2479956,2.1097813,-1.0
2.7354279,2.5833292,0.35708323,2.203987,2.5810025,-1.0
1.3106791,1.4458895,1.101868,2.6382756,1.627057,1.0
2.2305083,2.6871998,0.25666586,2.2074187,2.198587,-1.0
1.3562843,1.7124888,0.48291656,2.3701255,1.5619586,1.0
1.1941174,0.35343754,2.0971816,2.2127275,2.0437095,1.0
2.4261146,2.1247985,0.7885623,2.6064157,1.963942,-1.0
3.1415927,2.2325602,0.36834157,2.6674807,2.444073,-1.0
1.8100299,1.5519431,1.6869361,2.3090606,1.5691607,-1.0
2.5452816,1.234986,1.0628635,2.5711448,1.2507699,-1.0
1.6814563,1.7025213,0.81538314,2.3769538,1.5887755,-1.0
1.9586216,1.0564333,1.8669883,1.8853897,1.396578,-1.0
1.7869531,2.0284748,0.22091281,2.0978074,1.6534985,1.0
2.3940346,1.7037321,0.9421377,2.6963077,1.6436751,-1.0
2.48563,1.7849736,0.9576908,2.770645,1.7164298,-1.0
2.085129,0.81026375,1.817186,2.4835298,1.2223758,-1.0
0.7530633,0.6188272,2.3877308,2.2271352,2.347777,1.0
1.4374018,1.4113404,0.66609293,2.4710135,1.6120763,1.0
2.753756,1.5604563,0.7979646,2.8354907,1.5205531,-1.0
1.3147117,0.85016155,1.3651453,2.4975631,1.7783536,1.0
1.6022576,1.4955089,0.9027945,2.734236,1.5814837,1.0
1.6563021,2.205323,0.01497048,0.6326478,1.6146853,1.0
1.0695584,1.9912572,0.57729155,1.7109269,1.4044371,1.0
0.6448388,0.65726733,2.3560421,2.037502,2.4129322,1.0
1.9771311,2.647549,0.54153854,2.1008284,1.9389435,-1.0
0.84318626,1.6159182,1.1140612,2.3754344,1.5844144,1.0
0.7801591,0.013377634,3.0979412,1.7761598,2.771616,1.0
1.0850546,2.974725,1.0636764,1.547082,0.9536495,-1.0
2.0590754,1.857716,1.007615,2.4827714,1.6827819,-1.0
1.0376143,1.9440594,0.6280178,1.6692177,1.417555,1.0
1.9495369,1.7244087,0.44587648,2.6993403,1.6161411,1.0
1.8283988,2.7672305,0.52736735,1.9836497,1.8252981,-1.0
1.0711216,1.8640404,0.6493761,2.0155036,1.4655657,1.0
0.9867984,1.6076477,0.7963388,2.5252507,1.588575,1.0
1.8250232,2.6130116,0.48627645,1.8967702,1.789604,-1.0
1.9759983,2.1136074,0.097748436,1.8053738,1.7532539,1.0
1.8717611,1.8657331,0.27988702,2.5449724,1.6441823,1.0
2.5327306,1.6769745,0.86087716,3.043362,1.6315551,-1.0
2.3366487,1.8287625,0.9994862,2.6872032,1.723465,-1.0
2.6488845,1.0513315,1.1809202,2.4334636,1.0388298,-1.0
1.3767624,2.725393,0.9472453,1.0809481,1.3624756,-1.0
1.4897219,1.8939579,0.30890673,2.2013469,1.5558572,1.0
2.487216,2.863801,0.2081371,1.2421533,2.5908043,-1.0
2.317822,1.2177173,1.0886452,2.447877,1.3188134,-1.0
0.26286986,2.5193563,0.7880976,1.6521468,0.49228644,1.0
2.138437,1.6468114,1.3695619,2.9287937,1.5959337,-1.0
1.1733651,1.5193477,1.0566044,2.5358708,1.6204962,1.0
1.6065521,2.3412974,0.9543309,2.2957852,1.5895628,-1.0
2.330577,2.398464,0.6268567,2.7623003,2.102839,-1.0
1.4693389,1.9968528,0.2645643,1.6870512,1.5389805,1.0
2.7323694,2.6297865,0.31482717,2.1315677,2.6263134,-1.0
1.7408925,1.9868724,1.2944521,2.6970644,1.6308669,-1.0
0.6413952,0.1527613,2.74098,2.100066,2.8532412,1.0
1.5745245,1.6652979,0.66829854,2.4668427,1.5813754,1.0
1.6814563,1.7025213,0.81538314,2.3769538,1.5887755,-1.0
2.2826157,1.3142879,1.0268801,2.5961761,1.391948,-1.0
0.6418256,2.1749117,0.64624244,0.97740847,1.100683,1.0
0.6061208,2.3325398,0.7903032,0.90381616,0.9409698,1.0
1.6814563,1.7025213,0.81538314,2.3769538,1.5887755,-1.0
1.138929,2.0525498,0.45017117,1.3657849,1.4024737,1.0
1.1826538,0.8100287,1.4536134,2.524113,1.8856618,1.0
1.6462318,1.5577807,0.6580834,2.859777,1.5794219,1.0
2.547547,1.645838,0.8430047,2.7926435,1.6053989,-1.0
2.367777,2.2544487,0.3710105,2.2434433,2.0281188,-1.0
1.7077161,2.820988,0.56417716,1.3293847,1.7048906,-1.0
1.5163668,1.9944195,0.25143632,1.5736268,1.5552967,1.0
2.5602114,2.9469938,0.15810454,1.2326499,2.7462816,-1.0
2.5170305,1.2739081,1.0107446,2.6542053,1.2932204,-1.0
0.40813586,2.3979702,0.68582684,0.49496648,0.74204993,1.0
2.501489,1.7253821,0.8712143,3.0027673,1.6697624,-1.0
2.648069,2.8572297,0.09159767,1.2736257,2.76643,-1.0
1.7131058,1.2354679,1.131362,2.218418,1.5412313,-1.0
0.39440674,2.4879813,0.71682173,0.33716384,0.63411474,1.0
2.0282416,2.6619022,0.39596584,2.2855456,1.9923472,-1.0
2.2517138,1.7022722,1.0230461,3.0547132,1.6318585,-1.0
1.0539942,1.5268875,1.1211468,2.7308218,1.6276039,1.0
2.6305563,1.0953555,1.1432028,2.5085623,1.0896887,-1.0
1.4321389,0.8246171,1.5041065,2.690239,1.7001065,1.0
1.9433067,2.6978972,0.40501586,2.2916143,1.9232513,-1.0
2.4883487,1.2323058,1.1419158,2.8260167,1.2684636,-1.0
2.5339086,1.1865773,1.2314271,2.9853153,1.2134612,-1.0
0.9630103,1.8275517,1.6307528,2.3902261,1.4624699,-1.0
2.4559064,2.8443458,0.14917643,1.048713,2.5401857,-1.0
1.8022885,2.0114412,0.16333404,2.016266,1.6560011,1.0
1.7625171,2.1895118,0.06268635,0.84541744,1.668859,1.0
2.5108001,1.6796501,0.85205746,2.831707,1.6326268,-1.0
1.814203,2.6057115,0.52841055,2.077334,1.7783816,-1.0
1.3964205,2.0019546,0.21453173,1.5410104,1.5130303,1.0
2.4672112,2.8127122,0.19037575,1.2686981,2.527714,-1.0
1.8899081,1.921924,0.98520666,2.4516695,1.663284,-1.0
1.2696956,1.4507444,0.9992559,2.6306903,1.6320692,1.0
2.5576968,1.7932495,0.647287,2.786956,1.7345276,-1.0
2.4241889,2.28754,0.48035598,2.4376373,2.0856018,-1.0
1.3749183,0.8647617,1.4718354,2.8100898,1.7333674,1.0
2.4127479,2.4252193,0.55534387,2.5901077,2.1808944,-1.0
0.9908537,0.39042002,1.9475443,1.9991953,2.2571332,1.0
1.7091978,1.6959478,0.55302715,2.6246219,1.590199,1.0
0.92712426,0.64655817,2.1034405,2.8483965,2.1727529,1.0
1.6825845,2.394808,0.6676022,2.3416798,1.643692,-1.0
0.5748791,0.9357878,2.1877224,2.3522978,2.2158177,1.0
2.0694063,0.81853956,1.8594421,2.3306806,1.237494,-1.0
2.7737606,1.6575147,0.737137,2.8533242,1.6233993,-1.0
1.584535,1.5531597,1.7589028,2.6401732,1.5829039,-1.0
0.9998932,1.6402436,0.95606506,2.7926435,1.5708023,1.0
2.3215375,2.6404955,0.31946057,2.2779605,2.2561145,-1.0
1.9802802,1.961093,1.1062846,2.5396636,1.7018467,-1.0
1.9901806,2.0520678,0.16913256,2.0025978,1.7375535,1.0
1.5264666,1.9309286,0.3367613,2.3147507,1.562718,1.0
1.7673563,1.6533791,0.4891757,2.7531986,1.5876105,1.0
2.443627,1.7124888,0.84265655,2.8028743,1.6542376,-1.0
1.5340879,2.0031772,0.23100604,1.6013156,1.5608519,1.0
1.7637564,2.9321587,0.52551126,1.3126951,1.7830912,-1.0
1.5872266,1.7983513,0.5219211,2.284029,1.5809193,1.0
1.4562124,1.6083773,0.66969126,2.6545868,1.5836062,1.0
2.5409544,2.0109591,0.51982117,2.6845486,1.9189104,-1.0
1.8841763,2.655578,0.50520295,1.9805993,1.85419,-1.0
1.156147,1.8037118,0.71902734,2.1782045,1.5085663,1.0
1.5976001,2.0377145,0.115740106,1.2137018,1.583085,1.0
1.0675647,0.44904414,1.8610679,1.9578382,2.143384,1.0
0.39596996,1.014114,2.1127346,2.1793485,2.24153,1.0
2.373826,1.6969211,0.99786043,3.06231,1.6373038,-1.0
2.3562455,2.8365521,0.20744616,1.4223064,2.423852,-1.0
0.8298196,0.0,3.1415927,1.9112012,2.708472,1.0
1.7246827,1.6161662,0.8810772,2.3424308,1.58191,-1.0
1.9239364,2.0430632,0.16333404,2.038998,1.7088054,1.0
2.3026884,1.2503151,0.973718,2.3974328,1.3452798,-1.0
1.4070979,1.6237023,0.720072,2.4395323,1.5814618,1.0
2.1876218,2.5604649,0.20802872,2.123971,2.088776,-1.0
1.8518018,2.0851476,1.1731437,2.7547152,1.6908215,-1.0
2.417279,1.7346253,0.8060906,2.6932719,1.6685314,-1.0
1.2175883,0.7781598,1.7821239,2.791127,1.8709221,1.0
1.713099,1.2354679,1.131362,2.218412,1.5412337,-1.0
1.0710083,2.0501282,0.61838245,2.141423,1.3768779,1.0
1.7206908,1.2121217,0.9437635,2.8301818,1.5359303,1.0
1.5993239,2.6409776,0.9023203,1.3437864,1.585885,-1.0
1.6937128,2.2702713,0.98822784,2.3887098,1.6404124,-1.0
0.917677,0.840193,1.88498,3.041074,2.0618665,1.0
2.5521462,1.7521409,0.81061697,2.7892294,1.6979152,-1.0
1.3139415,1.4171828,0.6415996,2.4456007,1.6338849,1.0
2.637874,2.2804868,0.42510745,2.5639381,2.2087007,-1.0
0.475173,2.0070682,0.8568128,2.0837576,1.1873549,1.0
2.2364893,2.3653724,0.6131584,2.3352299,2.016939,-1.0
1.1776696,0.60253423,1.7532262,2.311715,1.9680793,1.0
2.3498113,1.7263542,0.9269369,2.622727,1.6557796,-1.0
1.0300927,2.9294784,0.9749915,1.491323,0.90919334,-1.0
2.415897,2.6378155,0.3324666,2.376194,2.3416843,-1.0
2.210753,1.1252847,1.2806467,2.5571098,1.3061808,-1.0
0.7813372,1.6460813,0.8093408,2.4095702,1.5622823,1.0
2.4611397,1.6463248,0.9855589,3.1104722,1.6036811,-1.0
1.1978328,1.6095937,0.6101399,2.398571,1.5856797,1.0
1.188159,0.8234063,1.6171641,2.7710264,1.8766651,1.0
1.2729579,1.5028067,1.0323399,2.6231053,1.6163175,1.0
0.9234088,0.40525532,1.9028497,1.8872962,2.3233657,1.0
1.2454091,0.42593303,2.0154603,2.1455882,1.9616745,1.0
0.86504865,1.9474684,0.7565228,2.254824,1.3643403,1.0
1.2113581,1.7443588,1.9090005,2.785818,1.5385385,-1.0
2.4318917,1.1537445,1.3013073,2.903774,1.2285968,-1.0
2.2737122,2.465599,0.5481499,2.6014853,2.1039457,-1.0
1.3151875,1.420345,1.0539354,2.6587577,1.6328512,1.0
2.8919082,2.3045619,0.38633323,2.4353611,2.389717,-1.0
2.5234191,2.81685,0.1800522,1.28046,2.59216,-1.0
1.9308462,2.516923,0.33513555,2.203987,1.8558832,-1.0
1.3021834,1.9333619,0.5988802,1.9112012,1.4985226,1.0
1.5687165,1.4334757,1.8006982,2.4990804,1.5867541,-1.0
0.71579534,2.1948607,0.58773565,1.0172405,1.1220953,1.0
2.0443947,2.7078776,0.2357749,1.9582194,2.0264068,-1.0
1.7255912,2.8076103,0.4836075,1.2190108,1.7228281,-1.0
1.6233363,2.6752799,0.58611125,1.7936119,1.60905,-1.0
2.7576754,2.6383092,0.32108632,2.0648096,2.6585517,-1.0
1.6699927,1.0953555,1.3321831,2.217274,1.5467635,-1.0
1.6541861,2.2079914,0.030062893,0.6341437,1.6137006,1.0
1.5589181,0.8594013,1.8450407,2.0609965,1.6074408,-1.0
0.6556907,2.4563591,0.70149857,0.625051,0.8673852,1.0
0.7943414,1.654838,0.8017946,2.4205694,1.556228,1.0
1.7957842,2.3938322,0.7884458,2.3777106,1.7232975,-1.0
0.48844904,2.4483304,0.6894252,0.46613377,0.7482357,1.0
2.9054108,2.2748914,0.38644162,2.4907362,2.362812,-1.0
1.5668112,2.8324258,0.2098848,0.71266377,1.5507236,-1.0
1.3919461,1.0917113,1.0109749,2.6561031,1.679743,1.0
1.8138405,2.2792642,1.0127225,2.4706352,1.7132707,-1.0
1.3349429,1.7713609,1.7561255,2.6909957,1.546215,-1.0
2.702147,1.807109,0.7127587,2.9883657,1.7713223,-1.0
3.082349,2.773308,0.115157545,1.5611316,3.1415927,-1.0
1.0520685,3.100966,1.1119748,0.8093692,0.8507,-1.0
2.6890297,1.9798192,0.80574244,2.7440972,1.9406906,-1.0
0.068736285,2.4405365,0.8046979,0.28143427,0.44282296,1.0
0.44732958,1.0092472,2.1253884,2.252926,2.2183764,1.0
1.3729519,1.9477153,0.5456029,2.0477388,1.5158292,1.0
1.6220064,2.3568616,0.50287265,1.7814687,1.6000798,-1.0
1.2088434,1.9477153,0.39062795,1.8182796,1.4668287,1.0
2.6475024,1.222584,1.0647196,2.6693785,1.2032422,-1.0
1.3418301,2.880094,0.996465,0.8499638,1.2917207,-1.0
2.5561335,1.3269366,0.9306491,2.717168,1.3272448,-1.0
1.5277671,1.9102508,0.31297112,2.3132315,1.5643573,1.0
1.410818,0.94454557,1.3078103,2.6014853,1.6953826,1.0
2.2893896,1.2274507,1.4078755,2.7497845,1.335319,-1.0
2.5390966,1.2135794,1.2063498,2.826398,1.2345742,-1.0
1.6709102,2.008279,0.10204313,1.3305286,1.6089498,1.0
1.9188389,2.6047359,0.42835897,1.9301493,1.8718926,-1.0
0.9422807,2.0771186,0.68721956,2.1649468,1.3104472,1.0
1.5324296,2.5816247,0.28823256,1.7659231,1.5271726,-1.0
2.2138114,1.956473,0.7820606,2.6568627,1.7718185,-1.0
0.9804776,2.965485,0.99855137,1.3449303,0.830005,-1.0
2.5460746,1.706651,0.8255929,2.7281673,1.6578897,-1.0
1.6347092,2.544172,0.7492096,1.3961428,1.6152827,-1.0
2.0516672,2.3410506,0.7641841,2.674309,1.8815368,-1.0
0.42501408,2.5646029,0.7187951,1.1878903,0.5767996,1.0
1.19448,2.0226324,0.54827183,1.8095388,1.4352497,1.0
1.0600884,1.6066749,0.9747612,2.8404477,1.5882868,1.0
1.3113815,2.8981032,0.9744089,1.2391028,1.2521877,-1.0
1.548696,2.7030108,0.21092798,0.5097495,1.5362462,-1.0
2.4964366,2.9299605,0.18074316,1.2330312,2.6553931,-1.0
2.299086,2.7407103,0.13652265,1.3331684,2.2993498,-1.0
2.6302843,1.9944195,0.42754608,2.5942786,1.9351646,-1.0
2.5794458,2.0104773,0.82605624,2.697824,1.9321842,-1.0
1.40616,1.7137054,0.49046275,2.4509127,1.5659821,1.0
1.0171113,0.753591,1.6510612,2.3113365,2.0370023,1.0
1.4837636,1.9788553,0.464112,1.6760519,1.5457572,1.0
1.8146878,2.4643764,0.88618475,1.7867777,1.7506583,-1.0
2.6309187,2.4665747,0.26850674,2.0689745,2.379598,-1.0
2.5999036,2.781337,0.07882195,1.4078753,2.6429834,-1.0
1.1104739,1.5993772,0.8917665,2.4459822,1.5909342,1.0
0.7333079,1.9044201,0.8050461,2.1884413,1.3587527,1.0
1.4589039,1.8217093,0.42150372,2.2813716,1.5571213,1.0
1.2340361,0.8465174,1.3588861,2.2305493,1.8359113,1.0
2.3926299,2.363433,0.4717666,2.501356,2.121406,-1.0
2.1765206,2.6339245,0.30715904,2.1235895,2.118066,-1.0
1.0437766,0.5317433,1.9310565,2.3606427,2.1272235,1.0
2.4589648,2.8117483,0.16460755,1.1689422,2.5180144,-1.0
2.228877,1.8684134,0.9618771,2.6196911,1.7257544,-1.0
2.271809,2.473381,0.657387,1.8493708,2.1072645,-1.0
0.78439564,1.6730824,1.0305923,2.3731582,1.5424613,1.0
1.9583498,2.3391109,0.7844992,2.6477582,1.819685,-1.0
2.1579432,2.3967595,0.6053805,2.240789,1.9797221,-1.0
1.2601124,0.38189736,2.0564291,2.3598828,1.9591503,1.0
2.1073313,1.6151885,1.354361,2.4258785,1.5804417,-1.0
1.8978374,2.3383822,0.775792,2.6534486,1.7798978,-1.0
1.8812311,2.1398807,0.53213626,1.993505,1.7174969,-1.0
1.5130093,1.9769039,0.2411128,1.6908349,1.5554631,1.0
1.63864,2.6923134,0.2081371,0.7995139,1.6244048,-1.0
1.923438,1.0454891,1.8430762,1.8888215,1.4113022,-1.0
1.4360402,1.9666885,0.22579007,1.5846261,1.5319191,1.0
1.1907871,0.66504943,1.6727785,2.152041,1.9329817,1.0
1.3279878,2.9720447,0.73388547,0.5070803,1.2535199,-1.0
0.5790704,0.056919597,3.0577714,1.5630089,3.024775,1.0
2.3166666,2.469243,0.56765896,1.7473564,2.139371,-1.0
1.707929,2.268802,0.95374835,2.3689873,1.6486733,-1.0
2.5938773,1.6108099,0.989393,2.8393037,1.5747485,-1.0
0.71294075,2.067632,0.6703876,1.3870208,1.2226119,1.0
0.69071585,1.9272844,0.7979646,2.1672053,1.3289169,1.0
1.7983261,2.533216,0.34059536,1.9396527,1.7507838,-1.0
0.77954745,0.85040843,2.1385026,2.3636754,2.1520448,1.0
1.7631831,1.6621357,1.0107446,2.6492748,1.5888152,-1.0
2.3880084,1.9910103,0.7435208,2.4588761,1.8500886,-1.0
1.3677253,1.6290538,0.67944306,2.6413114,1.5801895,1.0
2.2044094,2.3266973,0.64960915,2.3041298,1.9737873,-1.0
2.3964586,2.4077036,0.60189867,2.6477582,2.156216,-1.0
1.735086,2.0768836,0.07231894,1.2182482,1.6403493,1.0
2.2690904,2.6528976,0.22020832,2.103879,2.2150333,-1.0
1.5424975,2.000015,0.29729614,1.69236,1.5639387,1.0
0.89613175,0.8389704,2.1408193,2.2457194,2.0778902,1.0
2.3803508,1.1585995,1.2512748,2.613244,1.2538502,-1.0
1.6874237,1.7776853,0.51633936,2.3431964,1.5955116,1.0
2.1892757,2.299942,0.7216972,2.0450695,1.9496213,-1.0
1.8054332,2.7278264,0.62302536,2.0166476,1.7938219,-1.0
2.49399,2.8144166,0.15555753,1.1564177,2.5581467,-1.0
2.0486767,1.8382491,1.0716968,2.646242,1.6725104,-1.0
0.5760119,2.0221503,0.7890256,2.1649468,1.2089329,1.0
2.4524853,2.800804,0.18620297,1.4113071,2.5024707,-1.0
1.5576177,2.3123438,0.7803197,2.3018537,1.5584471,-1.0
2.3297613,1.6672446,0.9026726,2.8578706,1.614387,-1.0
1.5458233,1.3600163,0.6998734,2.6727927,1.5939244,1.0
1.6814654,1.7025155,0.8153777,2.3769507,1.5887758,-1.0
2.0388215,1.0177581,1.8796421,2.087952,1.3399984,-1.0
1.7287062,2.8854544,0.52469844,1.2379589,1.7356195,-1.0
2.4510355,2.7686882,0.1834121,1.4712311,2.4759474,-1.0
2.5938094,2.9012654,0.092640854,1.2087742,2.7453365,-1.0
1.6303526,1.6329459,0.484881,2.681894,1.5826925,1.0
1.2329034,0.4925861,1.9869012,2.5313194,1.9532783,1.0
2.470904,2.054748,0.80817974,2.6105897,1.9288008,-1.0
1.0892912,0.79251313,1.728027,2.6872032,1.9623452,1.0
1.1743846,2.5461116,0.48731962,1.9680748,1.2276345,-1.0
2.4893909,2.4244905,0.5035772,2.3435748,2.236438,-1.0
1.9991068,2.4322724,0.5401431,2.0450695,1.8805182,-1.0
1.8563555,1.7820584,1.4271407,2.3796053,1.6208918,-1.0
2.1749575,1.9272844,0.96361125,2.6253815,1.7445387,-1.0
0.9955207,2.8107724,0.53247494,0.90267223,0.932732,-1.0
1.2538142,0.75869286,1.7828285,2.8677552,1.8492861,1.0
2.4569259,1.7149221,0.99786043,2.807802,1.657271,-1.0
0.93618643,0.43517277,1.8529391,1.9222006,2.291355,1.0
1.0471976,1.5903773,0.8078315,2.6299336,1.5965497,1.0
1.722143,1.5825928,0.7376003,2.6382756,1.578051,1.0
2.3099833,1.0111986,1.6068406,2.6758256,1.1875925,-1.0
1.7246827,1.6161662,0.8810772,2.3424308,1.58191,-1.0
0.9916693,0.112863496,2.429174,1.9476014,2.4084737,1.0
1.3084363,1.9503838,0.38412493,1.9540544,1.49587,1.0
1.2079824,0.58574754,1.7930436,2.373918,1.9459914,1.0
0.9198066,2.1126435,0.6328923,1.344549,1.2792882,1.0
2.4993365,1.3009102,1.0372173,2.7604053,1.3209456,-1.0
2.2025516,1.9876013,0.75896,2.6788583,1.7855382,-1.0
0.45582533,2.501112,0.6946493,0.3064539,0.6690064,1.0
2.11406,2.0579102,0.7983127,2.3906045,1.7890404,-1.0
1.59385,2.7115216,0.6569223,1.9312932,1.5807027,-1.0
0.71507037,0.10897246,2.4463527,1.5876765,2.7901118,1.0
1.8272887,2.430321,0.4409992,1.7116895,1.7531613,-1.0
2.5805333,2.9248586,0.15926966,1.2595761,2.7509875,-1.0
1.6689143,2.8024967,0.5504666,1.296387,1.6612837,-1.0
1.2043123,0.9109722,1.4229679,2.5939002,1.8338718,1.0
2.4675512,2.7703927,0.15044995,1.1996521,2.4945488,-1.0
2.0003755,2.1809893,0.01694848,1.5580812,1.7889991,1.0
1.2505518,2.8934717,1.0897968,1.3054796,1.1829503,-1.0
2.9211788,2.2527559,0.38714612,2.489219,2.345544,-1.0
2.5573115,1.7599229,0.80307215,2.7850585,1.7053409,-1.0
1.8690878,2.0980432,0.06744168,1.7409035,1.701348,1.0
1.9070128,2.6628778,0.45354462,2.3496432,1.8777626,-1.0
2.280554,1.2267102,1.0632157,2.3466105,1.338002,-1.0
0.9386332,1.5480509,1.0656544,2.911371,1.6246384,1.0
1.4389129,1.5602142,0.66481537,2.6466203,1.5906228,1.0
1.7329994,2.0839367,0.0662901,1.1917033,1.6403631,1.0
1.1994188,0.93456525,1.508049,2.8627982,1.8285317,1.0
1.9027536,2.1170163,1.0019249,2.6014853,1.7212963,-1.0
1.4520077,1.0163004,1.3309096,2.9413183,1.66079,1.0
1.2426225,0.45755503,1.811374,2.1903477,1.9545593,1.0
2.094599,2.323782,0.78461444,2.7566128,1.9018662,-1.0
1.0082077,1.495027,1.2404771,2.735374,1.6484373,1.0
2.3808038,1.1403551,1.2937611,2.959533,1.2406418,-1.0
0.993006,1.4303136,0.89768696,2.5555935,1.68557,1.0
2.6548882,1.2206327,1.1855673,2.9405556,1.198703,-1.0
2.9271371,2.3174574,0.3260855,2.3287828,2.427261,-1.0
2.3941705,1.7698915,0.9739483,3.0350025,1.6916991,-1.0
1.1970853,1.941144,0.36972347,1.8520399,1.4656961,1.0
2.8970964,2.8158743,0.06443404,1.235319,2.9976614,-1.0
0.7360945,0.12503032,2.4463527,1.6786917,2.7487288,1.0
0.54560846,0.1201636,2.977554,1.5637715,3.0119452,1.0
1.3043809,2.0036592,0.47339234,1.5508657,1.4805621,1.0
1.7642412,2.0464723,0.116092354,1.2925738,1.6478113,1.0
1.8443255,1.6942456,1.5241846,2.336368,1.5992512,-1.0
2.1374402,2.7708747,0.3014689,1.6794543,2.1494756,-1.0
0.5231117,0.8927278,2.2556384,2.1922543,2.2899072,1.0
0.97422475,2.9596426,1.0568347,0.8708184,0.82565325,-1.0
1.3924898,1.9720372,0.22416432,1.496632,1.5171788,1.0
2.1981792,1.9915041,0.97859526,2.5620403,1.7862115,-1.0
1.7797261,2.6954756,0.42162564,1.2808412,1.7625079,-1.0
2.105247,2.0394192,0.7605858,2.590486,1.7769612,-1.0
2.4871707,2.8136878,0.19479237,1.3290033,2.5501504,-1.0
2.2117724,2.6867177,0.26421204,2.2233427,2.1801345,-1.0
2.461842,1.2537123,1.0452241,2.6598957,1.2946298,-1.0
1.2504159,0.85746163,1.4927263,2.7634382,1.8209834,1.0
1.4270278,1.580404,0.6548332,2.575694,1.5881696,1.0
2.4607773,2.6764905,0.11899161,1.324457,2.413633,-1.0
1.3963299,1.3590406,0.7057937,2.5366292,1.6292883,1.0
2.7264338,2.5436783,0.39421815,2.2961636,2.532377,-1.0
1.8919017,2.1977758,0.98393315,2.5719016,1.7381419,-1.0
1.1766728,1.655568,0.8175833,2.9234848,1.568371,1.0
1.8959117,1.7404678,1.4791512,2.3860552,1.6153939,-1.0
2.0555413,1.8367914,0.3047204,2.508183,1.673268,1.0
2.5414302,2.825361,0.19049768,1.2444117,2.6190758,-1.0
1.5666617,1.4838358,0.58390564,2.6769636,1.5857852,1.0
1.3499861,1.5823495,0.88641506,2.6284144,1.5904431,1.0
1.1450006,1.7365708,0.6741025,2.3018537,1.5341725,1.0
2.1501498,0.87643486,1.7916481,2.5677307,1.2079456,-1.0
1.1750642,0.49015275,1.7663406,2.220688,2.0134058,1.0
1.8221686,2.5341916,0.67456716,1.7268537,1.7707872,-1.0
1.1901981,0.8727789,1.4735695,2.632207,1.857014,1.0
1.8742759,2.0766366,0.058743894,1.3320245,1.6981819,1.0
1.300892,2.8261015,0.31272724,0.7873707,1.2592652,-1.0
1.9680916,2.5431962,0.5941208,1.4640156,1.8951623,-1.0
2.5083308,1.9336088,0.8221097,2.7175465,1.8431367,-1.0
2.8702724,2.804695,0.13117121,1.388546,2.955545,-1.0
1.6218864,2.0581453,0.11155379,1.2243198,1.5928138,1.0
2.379082,2.9253404,0.14325598,1.0134274,2.5123317,-1.0
2.1179793,2.034799,0.7907679,2.630312,1.7796302,-1.0
1.1858935,0.58306736,1.8926345,2.443706,1.967727,1.0
0.5981688,0.09827506,2.833851,2.0143597,2.9601974,1.0
0.7880432,0.6336625,2.3917952,2.1311865,2.305105,1.0
1.8344704,1.7584653,0.3549833,2.5396636,1.6125268,1.0
2.6618433,2.5942736,0.36590293,2.0701184,2.5271404,-1.0
2.1510787,1.9676641,0.73992246,2.4907362,1.7582382,-1.0
1.8925134,2.153505,1.0235202,2.5734181,1.7265133,-1.0
2.6295142,1.1926548,1.1014074,2.588591,1.1816024,-1.0
2.8168738,2.7939858,0.19687876,1.520537,2.8861384,-1.0
1.3460894,0.7667218,1.5275581,2.6155202,1.7753339,1.0
1.3663206,1.9715552,0.5547749,2.0325744,1.508887,1.0
1.2946844,2.7356086,1.0434763,0.96186286,1.277183,-1.0
2.3832734,2.654849,0.2808083,2.2366178,2.3236814,-1.0
1.5896764,1.5986472,0.6974361,2.865086,1.5823588,1.0
2.052256,1.589404,1.4133217,2.8229957,1.569934,-1.0
2.072986,2.4179192,0.6896582,2.6511726,1.9288749,-1.0
2.343128,2.4514925,0.5331794,2.5726614,2.1477516,-1.0
0.47483316,2.038937,0.8248965,2.0685933,1.1547889,1.0
1.3885274,1.3826455,0.6862916,2.526768,1.6266949,1.0
2.5111854,1.1029024,1.3558649,2.8407996,1.1527696,-1.0
2.1991308,2.8832562,0.2522492,1.284625,2.2756772,-1.0
2.5989294,1.3427477,0.9437635,2.774059,1.3303012,-1.0
1.3897371,0.69010013,1.6314437,2.607554,1.7558501,1.0
0.1598787,2.710546,0.71473205,0.5173463,0.1586793,1.0
1.2803437,1.4570806,1.025146,2.5009766,1.6286268,1.0
0.7786186,0.9168146,2.0800028,2.2643037,2.1034126,1.0
1.0645969,3.1415927,1.1637415,0.7642576,0.8479747,-1.0
1.85921,2.066903,0.043421168,1.3073862,1.6895858,1.0
1.0860741,1.9824995,0.38806736,1.7238326,1.4140745,1.0
2.4782672,2.4908965,0.4656158,2.5483866,2.2815647,-1.0
2.2344956,2.4784946,0.60189867,1.9563422,2.0812716,-1.0
1.0409673,3.1031642,0.8124744,0.26016906,0.83464617,-1.0
1.014302,0.9384563,1.5273278,2.5210786,1.9416069,1.0
1.1221187,1.5621597,0.94365513,3.0186944,1.6067299,1.0
2.9110067,2.2079914,0.40954086,2.6360023,2.2861803,-1.0
2.4480448,1.9460107,0.8023758,2.607554,1.8355162,-1.0
1.1205102,0.78375536,1.6095096,2.4084322,1.9426787,1.0
1.2685628,2.0060925,0.44587648,1.4985385,1.4673241,1.0
1.806038,1.1727177,1.3418157,2.4205694,1.4968325,-1.0
1.2870269,2.876203,0.94341123,1.6559305,1.2300221,-1.0
0.3183301,2.5743363,0.7305202,1.0365698,0.47385672,1.0
2.5839543,1.673569,0.90627635,3.0998542,1.6311907,-1.0
2.398271,1.7647897,0.9833506,3.1393049,1.6885395,-1.0
2.025115,1.3232807,1.0934006,2.2734082,1.4667674,-1.0
2.0926507,1.7810826,0.86971045,2.758889,1.6554404,-1.0
1.806038,1.1727177,1.3418157,2.4205694,1.4968325,-1.0
2.1971824,2.8774254,0.2645643,1.3115512,2.2702513,-1.0
1.1774657,1.7664942,0.7496729,2.1926355,1.5262752,1.0
0.89919025,1.5565653,1.0362824,2.7349927,1.621798,1.0
0.6572766,2.0260415,0.6479834,1.3669288,1.2353767,1.0
2.0676165,2.3979702,0.77834576,1.8580822,1.9164191,-1.0
1.2363017,1.3656119,0.9442241,2.771783,1.6649534,1.0
0.91840196,1.6558113,0.7738194,2.5275266,1.5596596,1.0
0.7817223,0.88689715,2.099959,2.1687305,2.12355,1.0
1.2498722,0.88397,1.4379383,2.6830323,1.8130374,1.0
1.6700017,1.0953555,1.3321831,2.217274,1.5467592,-1.0
0.7299096,0.0844037,3.0102994,1.831156,2.7890718,1.0
2.7254596,2.466081,0.26780227,2.1668239,2.4518876,-1.0
1.7127659,1.6494869,0.5988802,2.7892294,1.5854944,1.0
1.4194065,1.634406,0.70857966,2.4035015,1.5798019,1.0
2.4269075,1.9710615,0.8281467,2.5973144,1.8481628,-1.0
1.2079145,1.057409,1.5542475,2.6238651,1.7799988,1.0
0.17231648,2.40259,0.78403455,0.45096946,0.5691936,1.0
1.8990608,2.1048496,0.07580076,1.7450686,1.716269,1.0
2.133,2.8501766,0.30518103,1.5683178,2.1835628,-1.0
1.6228832,1.6453514,0.64867973,2.7918868,1.5829082,1.0
2.077381,2.2296448,0.46932796,2.1622777,1.8496192,-1.0
2.2159636,2.489192,0.7225098,1.7651606,2.0728323,-1.0
1.859935,2.6954756,0.4300931,2.2707536,1.8409504,-1.0
2.5750053,1.0450071,1.1782514,2.3378844,1.0713105,-1.0
1.7361463,2.051339,0.16043478,1.8998207,1.637524,1.0
1.6045864,2.6210406,0.90871495,1.3544043,1.5906048,-1.0
0.955013,0.5563121,1.9415156,2.2191715,2.2006195,1.0
1.7930927,2.7115216,0.6065416,1.8626579,1.7784622,-1.0
1.5961182,1.1481489,0.95606506,2.7763352,1.58195,1.0
2.3561096,1.112871,1.52894,2.5609024,1.2323872,-1.0
2.2681615,2.279993,0.7501376,2.1683493,1.9862272,-1.0
2.488779,1.9131662,0.9189301,2.7721643,1.8209565,-1.0
1.7131058,1.2354679,1.131362,2.218418,1.5412313,-1.0
2.783072,2.915372,0.123055995,1.3043357,2.98104,-1.0
1.1251092,2.8912852,1.0709922,1.088545,1.0386385,-1.0
2.1479976,2.3763285,0.6034079,2.3045082,1.9624372,-1.0
0.9393808,0.20602496,2.3270223,1.699165,2.424502,1.0
0.7328548,0.6672359,2.0915997,2.6982024,2.328205,1.0
1.0145285,1.4186405,0.91636956,2.603383,1.6880394,1.0
1.5813594,2.347622,0.86169004,2.1755648,1.5729511,-1.0
0.35371774,2.580896,0.7504858,1.0312608,0.4971699,1.0
1.571288,1.5288343,1.76378,2.6955478,1.5842304,-1.0
2.4859927,1.8370383,0.70962447,2.8684886,1.7586128,-1.0
1.5688684,1.69011,0.6605207,2.4899776,1.5805395,1.0
2.5499713,1.2892253,0.9853286,2.7050307,1.296174,-1.0
0.8232496,2.1902406,0.60863066,1.0798042,1.1815494,1.0
2.23513,1.9552505,0.7394577,2.6750658,1.777643,-1.0
2.0339732,2.5789561,0.70962447,1.8448244,1.964727,-1.0
1.3267417,1.4719158,1.0194559,2.7338548,1.6181762,1.0
0.8848041,1.6687034,1.068093,2.4884603,1.5502149,1.0
2.523102,1.2702521,1.0337354,2.7285457,1.2882347,-1.0
2.5178232,2.51717,0.43067566,2.164184,2.3349164,-1.0
2.0085993,0.82267743,1.849105,2.3485053,1.283275,-1.0
0.99717456,1.0999753,1.5233717,2.4664612,1.8644066,1.0
1.7774583,1.9537928,1.3013073,2.683789,1.6376143,-1.0
2.4521909,1.2799857,1.0184127,2.4611523,1.318286,-1.0
0.7746765,2.0888035,0.6642355,1.3620012,1.2319841,1.0
1.7396239,2.2306204,0.0061507677,0.7119011,1.6623805,1.0
2.1001496,2.1004765,0.061995402,1.8880589,1.8030146,1.0
1.806038,1.1727177,1.3418157,2.4205694,1.4968325,-1.0
1.2605429,1.6358647,0.55534387,2.3648136,1.5771462,1.0
1.9468862,2.0659392,0.047011375,1.4078753,1.7249513,1.0
1.2720064,3.0155866,0.7691752,0.45475322,1.1719102,-1.0
1.9675479,1.9734949,0.7437538,2.4641852,1.7020835,-1.0
2.2687054,2.4227858,0.67619157,2.7164083,2.0739048,-1.0
2.3601649,1.1376866,1.3044369,2.821089,1.2477647,-1.0
1.0830157,1.0615469,1.5729437,2.540042,1.8418105,1.0
1.0711216,1.5385642,0.98149455,2.3758128,1.620607,1.0
1.2184039,1.4582914,0.9833506,2.6606553,1.637329,1.0
1.9945984,2.1325805,1.0025074,2.7285457,1.7684925,-1.0
1.2679511,0.62710303,1.911561,2.7915053,1.8773855,1.0
1.6814563,1.7025213,0.81538314,2.3769538,1.5887755,-1.0
2.4898214,1.1756331,1.1033854,2.5131137,1.2218921,-1.0
2.2007391,1.9793372,0.76313955,2.6792397,1.7803862,-1.0
1.2859395,1.6407303,0.8354598,2.9709136,1.5761653,1.0
1.9240723,2.6524155,0.41035375,2.315889,1.8908169,-1.0
1.8310268,0.8041862,1.8357602,2.1262586,1.4078057,-1.0
1.0195354,1.5417265,1.0764521,2.8578706,1.6227263,1.0
1.410272,2.0165548,0.21580523,1.4936109,1.5153928,1.0
1.7228068,1.7368119,0.40490746,2.5055282,1.5958794,1.0
0.14594567,2.3770573,0.85960364,0.566271,0.58404595,1.0
1.6204047,1.8511448,0.25666586,2.315889,1.5875221,1.0
1.6684295,1.5135088,1.8085966,2.7103398,1.5752485,-1.0
1.7802404,2.1880424,0.0,0.7232817,1.6777978,1.0
1.902663,1.9968528,1.3016596,2.7380285,1.6877105,-1.0
1.8544072,1.1792772,1.4684619,2.3208194,1.4787598,-1.0
1.7180899,2.328155,0.9407423,2.3720202,1.6612871,-1.0
0.9470383,2.150343,0.63405335,1.2569362,1.2692914,1.0
2.840186,1.8010315,0.7184468,3.072928,1.7880309,-1.0
2.4175508,1.7146788,0.933318,2.7349927,1.6536605,-1.0
1.7954534,1.6966777,1.5269755,2.380365,1.5963557,-1.0
1.5920353,1.4986712,0.5854149,2.697824,1.5826218,1.0
1.6372784,2.3841107,0.9855589,2.2514098,1.6113534,-1.0
0.52014387,1.9859085,0.85843855,2.126992,1.2238798,1.0
0.9205995,1.8946867,0.7841511,2.3894694,1.4132756,1.0
1.4731495,2.4804342,0.7759085,2.0807364,1.4865707,-1.0
0.9157513,0.5426876,2.0102308,2.2931306,2.246944,1.0
2.4754806,1.2624701,1.0560218,2.5665927,1.2971051,-1.0
0.9111976,1.5400231,1.0793513,2.758889,1.6313995,1.0
1.1252226,1.7691627,0.6258122,2.1364954,1.518138,1.0
1.3392701,1.8360626,0.5288847,2.1023536,1.5317563,1.0
1.1280091,1.4410228,0.87794757,2.6378973,1.657868,1.0
2.7384183,2.0771186,0.5190083,2.7604053,2.0579233,-1.0
1.3520024,0.87716365,1.4382906,2.7433374,1.7463301,1.0
0.6852786,0.6419383,2.400154,2.085664,2.3902688,1.0
1.0974697,1.369256,0.94515896,2.6397948,1.6952769,1.0
0.4350957,0.99465877,2.119698,2.196038,2.2405345,1.0
0.6382461,2.3561327,0.7342337,0.8806737,0.94127655,1.0
2.7438328,1.6441358,0.7402706,2.8620648,1.6083945,-1.0
1.0271249,1.5923228,0.9143916,2.8613024,1.5960687,1.0
1.5285555,2.682815,0.64136654,1.8975328,1.517638,-1.0
1.224181,2.0138745,0.47839153,1.4617571,1.4490936,1.0
1.1485349,1.9579307,0.40003023,1.8114454,1.4446738,1.0
2.3520315,1.0766292,1.252318,2.4376373,1.2093487,-1.0
1.9455723,2.6239557,0.7695234,1.8683482,1.9019479,-1.0
1.9328852,2.0221503,0.16669393,2.0890665,1.7058405,1.0
2.172896,2.3420262,0.5555742,2.1444442,1.9615697,-1.0
1.1967001,3.0204535,1.075287,1.5322989,1.0745971,-1.0
2.2946455,1.3152635,1.0150392,2.598074,1.3892363,-1.0
2.175501,2.7086065,0.22625071,2.109569,2.1564872,-1.0
1.3777616,1.9360422,0.28974992,2.1224456,1.5195736,1.0
1.1358479,2.0712879,0.6268567,2.162659,1.3934362,1.0
2.3211071,2.296051,0.6107211,2.3276448,2.0286076,-1.0
1.6278741,1.4911242,0.84880596,2.6504128,1.5784783,1.0
0.4983041,1.0321115,2.122489,2.351541,2.1673417,1.0
1.7701384,2.6871998,0.54641575,2.0674493,1.7518175,-1.0
2.7931535,2.0019546,0.5269067,2.8495405,1.9989061,-1.0
1.5963299,1.6930289,0.6259273,2.7296836,1.5823141,1.0
1.1798445,0.8443191,1.4772952,2.668619,1.8747798,1.0
1.0626032,1.0506027,1.6134521,2.4895985,1.8574486,1.0
0.34370407,2.362704,0.8344153,0.56436443,0.7365601,1.0
2.4508314,2.4629188,0.5069371,2.625003,2.2380884,-1.0
1.1743846,2.5461116,0.48731962,1.9680748,1.2276345,-1.0
0.96314627,0.9474609,1.5193074,2.6420681,1.9680686,1.0
2.00579,2.5132787,0.5801908,1.7837566,1.9156599,-1.0
2.6250284,2.5862446,0.38539842,2.0416672,2.4870105,-1.0
2.4650137,2.3461642,0.43589163,2.4975631,2.156715,-1.0
2.539346,1.5667819,0.7445653,2.5889695,1.5373987,-1.0
1.610393,1.9119554,0.31447494,2.3249903,1.586239,1.0
1.7140664,2.047448,0.16077349,1.9233445,1.628433,1.0
2.4952586,1.7409497,0.8157259,2.800997,1.6818883,-1.0
0.20129265,2.5512252,0.7963388,1.549751,0.40155205,1.0
1.8517565,2.5502496,0.86087716,1.6730014,1.7991278,-1.0
1.3310915,1.4517201,1.1089536,2.7012382,1.6224446,1.0
2.469545,1.7112732,0.8622726,3.0061698,1.6554719,-1.0
2.0405207,2.4347057,0.7909996,2.701995,1.9121006,-1.0
1.3622427,0.86815906,1.4613899,2.741821,1.7413349,1.0
0.13987404,2.7394996,0.715893,0.4976063,0.10055161,1.0
2.0911326,1.940662,0.89268774,2.4535673,1.7270911,-1.0
1.1545838,2.9382362,0.9712794,1.4981573,1.0539027,-1.0
2.3336353,1.0946267,1.2279452,2.4630501,1.2304866,-1.0
1.2105426,0.7825328,1.4972513,2.556353,1.8747761,1.0
2.7476616,2.0046349,0.54072565,2.8354907,1.9858869,-1.0
2.4842255,1.2374194,1.1812725,2.7528203,1.274042,-1.0
2.1061985,2.5711741,0.67909485,1.5482259,2.0241039,-1.0
0.22254336,2.7117686,0.65367216,0.6390714,0.21929695,1.0
2.0294197,2.3339975,0.7449135,1.9172729,1.8641621,-1.0
0.8341015,1.5806462,1.0016946,2.683789,1.6088382,1.0
2.0318663,2.5307944,0.6900064,1.6047474,1.943791,-1.0
2.0335655,1.6190805,1.3652672,2.4076724,1.582252,-1.0
1.0389737,1.0834355,1.5871012,2.4907362,1.8530543,1.0
1.8910408,1.600836,1.5922089,2.2863023,1.5773517,-1.0
1.2652779,2.6913378,0.9488711,1.0043347,1.2606307,-1.0
1.4171388,2.7436376,0.19977802,0.3064539,1.4001051,-1.0
1.3818735,1.6237023,0.6800229,2.5999687,1.5813559,1.0
1.96859,1.6757579,1.3556346,2.8666112,1.6014689,-1.0
0.7051247,0.9041658,2.0805717,2.209677,2.1605375,1.0
1.2761071,1.369256,0.6987123,2.4509127,1.6547291,1.0
0.9698749,0.38360187,1.9353513,1.9339625,2.2844274,1.0
1.7195104,2.8387504,0.50368553,1.2861502,1.719773,-1.0
1.0119458,0.9540322,1.5396292,2.6985836,1.9348068,1.0
1.300892,2.8261015,0.31272724,0.7873707,1.2592652,-1.0
1.8088813,2.307489,0.9669847,2.4118464,1.7157702,-1.0
2.6253002,2.5791912,0.3797083,2.0784485,2.4806495,-1.0
2.328334,2.753124,0.27826127,1.7462125,2.3374221,-1.0
2.3295121,1.1831682,1.4281839,2.6284144,1.2915069,-1.0
0.83740914,1.5597274,1.0694884,2.6648262,1.6231294,1.0
1.2117206,1.9464927,0.4169787,1.9419112,1.468114,1.0
1.1524769,0.7990726,1.463124,2.4694972,1.9122534,1.0
1.1273068,1.639027,0.5765871,2.2639253,1.5737696,1.0
1.7920959,2.8231745,0.51077116,1.3316432,1.7974252,-1.0
1.5010632,1.6572713,0.667254,2.4016037,1.5789788,1.0
2.4517376,1.2298723,1.0716968,2.526768,1.2794359,-1.0
0.71425474,0.69837594,2.043315,2.6466203,2.3193603,1.0
2.2007165,2.284131,0.8116629,2.0705,1.9480034,-1.0
1.7715906,2.3218305,0.8745741,2.40388,1.694742,-1.0
2.3360596,2.020928,0.7408505,2.487702,1.8526663,-1.0
1.9016662,1.7436299,0.39527488,2.6246219,1.6169084,1.0
2.0519843,1.6704068,1.3341612,2.414879,1.6035435,-1.0
2.432322,1.1549553,1.2902793,2.8468714,1.2293355,-1.0
0.37526298,2.6913378,0.6559929,0.7714438,0.39356327,1.0
1.0185386,1.984686,0.6000413,1.6168612,1.390629,1.0
1.7105299,1.6752712,0.44449458,2.6765852,1.5881294,1.0
2.2576947,2.3298595,0.6976678,2.3352299,2.0099483,-1.0
1.0816563,2.0065863,0.4071158,1.7845192,1.4013726,1.0
1.9504884,2.5509784,0.7050972,1.870988,1.882893,-1.0
2.1035478,1.132091,1.4218028,2.3894694,1.3574204,-1.0
2.4781084,1.0559514,1.1728051,2.3496432,1.1306278,-1.0
1.5028484,1.9832283,0.31168404,1.7185236,1.5516279,1.0
0.785687,2.082714,0.702079,1.8853897,1.241163,1.0
1.6704254,2.1566672,0.99147934,2.4516695,1.6188917,-1.0
0.86353076,0.77110654,2.2902262,2.2297895,2.1461244,1.0
2.4964592,1.6584868,1.0185211,3.1415927,1.614512,-1.0
1.0352582,1.5718895,0.91405284,2.8354907,1.6062702,1.0
1.7892821,1.6200535,1.6075315,2.351541,1.5824236,-1.0
0.70254195,0.10508143,2.4821193,1.5357014,2.8104577,1.0
2.6699991,1.8669558,0.7313317,2.9925308,1.8242607,-1.0
1.4493479,1.0776048,1.8436452,1.712452,1.654111,-1.0
0.49907437,2.4038126,0.6799064,0.57803285,0.800585,1.0
2.528698,2.903452,0.1853901,1.2811933,2.671339,-1.0
1.7453693,2.7545817,0.6737543,2.0192873,1.7369608,-1.0
1.6412114,1.8445735,0.2680461,2.3261285,1.5916357,1.0
1.4707888,1.9559793,0.48941958,1.7939932,1.5441062,1.0
1.4348598,0.9654584,1.2612597,2.7721643,1.6775976,1.0
2.7975714,2.2384026,0.32120827,2.352679,2.2587016,-1.0
1.7919147,2.2731867,0.9399294,2.4581165,1.6990341,-1.0
1.227398,0.87327266,1.3437937,2.5571098,1.8316247,1.0
1.1553768,1.6633524,0.5380567,2.265442,1.5645529,1.0
1.5052068,2.3218305,0.9012771,2.1664426,1.5246574,-1.0
0.7870463,0.6536114,2.0788376,2.791127,2.2913458,1.0
1.4548509,1.6847589,0.6605207,2.3124747,1.5738648,1.0
1.0786206,1.5183743,1.081099,2.5203202,1.6295384,1.0
0.9777363,2.0800457,0.646126,1.4404918,1.3235596,1.0
2.7581058,1.6154318,0.7569861,2.834376,1.5783968,-1.0
1.3373444,1.8321716,1.6495574,2.712994,1.532289,-1.0
1.0856436,2.0085258,0.5930762,1.6574558,1.4018781,1.0
2.415104,1.1787952,1.0958391,2.2984395,1.2543509,-1.0
2.5778599,1.1977684,1.2125006,2.7270293,1.2061796,-1.0
2.4608452,2.903699,0.16936287,1.0324048,2.592353,-1.0
1.5319425,1.980313,0.25410527,1.6521468,1.5614218,1.0
1.6289027,2.553165,0.85833013,1.5273713,1.6106758,-1.0
2.0496736,0.81221515,1.8145171,2.4368777,1.2492362,-1.0
1.0205775,0.801024,1.905749,2.9557493,2.0095036,1.0
1.1183126,1.7579715,0.640555,2.2646852,1.5220469,1.0
0.70795655,1.9323863,0.81967247,2.2779605,1.329631,1.0
1.1833788,0.55679405,1.934308,2.471392,1.9799297,1.0
1.1219828,2.891779,1.0325702,1.5042288,1.0348122,-1.0
1.3597732,2.7239354,0.82930773,0.9428855,1.3457109,-1.0
0.7402404,1.9148707,0.82570803,2.4163957,1.3524301,1.0
2.540388,2.6443868,0.30332497,2.332197,2.4625537,-1.0
1.3833869,1.0194627,1.3274277,2.9140108,1.6977621,1.0
1.2920791,1.8015252,1.672074,2.8097084,1.5319713,-1.0
2.2416096,2.6781952,0.20325984,1.5284859,2.2040734,-1.0
1.6953781,1.9657128,1.298408,2.717168,1.6137357,-1.0
1.3104979,1.8058982,1.6622111,2.6318285,1.5338925,-1.0
2.077177,2.4276526,0.77347124,1.8554424,1.9361774,-1.0
1.8120552,1.9097688,1.3167385,2.5707636,1.63947,-1.0
1.9880509,2.0839367,0.07046287,1.77352,1.7480847,1.0
1.4533987,0.87837446,1.3609725,2.831707,1.6778245,1.0
2.451579,1.921924,0.89024913,2.673171,1.8178293,-1.0
1.0327661,0.7433756,1.6471187,2.318162,2.0299144,1.0
2.3180258,2.2953222,0.6876843,2.419053,2.0262341,-1.0
2.8192751,1.9839572,0.556509,2.9663672,1.9879804,-1.0
2.3665988,2.6448686,0.3075113,2.3394039,2.3009965,-1.0
1.0928481,1.471669,1.1190468,2.614004,1.6495628,1.0
0.7580475,0.011191131,3.0944593,1.7393782,2.8055377,1.0
1.178304,2.8922608,1.0879407,1.6009343,1.0997555,-1.0
2.5644252,1.9124373,0.7785788,2.613244,1.840527,-1.0
2.0103211,2.3675709,0.7078832,2.5218372,1.864413,-1.0
1.6837944,1.6022961,0.70846355,2.6102083,1.5809045,1.0
1.8952321,2.0065863,0.74479836,2.4721515,1.6878115,-1.0
0.5809281,2.4855478,0.67050415,0.51998615,0.78360766,1.0
1.4700028,0.6876668,1.622624,2.72551,1.6883799,1.0
0.851093,2.0936701,0.65135,1.9726504,1.2613056,1.0
1.8262919,1.8929821,1.3811725,2.7505443,1.6397086,-1.0
1.9974983,1.5285909,1.4695051,2.8897538,1.5491941,-1.0
2.0816855,2.3337505,0.6345181,1.8531545,1.8980023,-1.0
1.1413531,0.5178837,1.9772686,2.4770823,2.0365434,1.0
0.8934131,0.38944432,1.9282792,1.8201568,2.3665307,1.0
2.199901,2.820012,0.24655908,1.3320245,2.241827,-1.0
0.7457683,0.0369707,3.0963154,1.6927414,2.8035755,1.0
0.8901961,0.8148954,2.1678746,2.2089438,2.0975232,1.0
2.713271,1.9024688,0.68896186,2.98379,1.8700747,-1.0
1.1143479,1.7579715,0.6375365,2.2692344,1.5215466,1.0
2.5022137,1.1965576,1.1947392,2.5859368,1.2341387,-1.0
2.3996532,2.6319847,0.26850674,2.1550622,2.3223886,-1.0
1.3780946,1.6297836,1.5555346,2.072377,1.5801394,-1.0
2.0966153,0.9326256,1.7652974,2.2571,1.2696558,-1.0
2.4454849,1.1843908,1.2539437,2.8901057,1.2465194,-1.0
1.5026355,1.600836,0.72100073,2.4812539,1.5837904,1.0
1.9511228,2.5492737,0.75211155,1.8633912,1.8828791,-1.0
1.3056043,1.8703648,0.6483316,2.097426,1.5160873,1.0
1.3457042,0.9326256,1.3311399,2.7088232,1.7379926,1.0
0.9113788,1.8280337,0.8127074,2.3742964,1.4523909,1.0
2.6846118,1.8815442,0.6771209,2.9629354,1.8419886,-1.0
1.2292558,1.7141922,1.8186898,2.6856868,1.5506114,-1.0
1.5127058,1.9591415,0.21882643,1.609675,1.5566992,1.0
2.7421565,1.5769985,0.7733547,2.8002286,1.5384063,-1.0
1.8940766,1.8426338,0.26421204,2.5263884,1.642915,1.0
2.5159428,2.0403948,0.8110817,2.6231053,1.934624,-1.0
1.5303996,1.9927149,0.2282287,1.5717496,1.5601828,1.0
2.0528905,1.7158942,1.3410028,2.923866,1.6224927,-1.0
0.2579763,2.3911638,0.8044649,0.54805624,0.64405686,1.0
1.2797998,1.803218,1.7340693,2.737269,1.5294505,-1.0
1.2381821,2.8937185,1.057756,1.6460752,1.1685475,-1.0
1.6699927,1.0953555,1.3321831,2.217274,1.5467635,-1.0
1.8572617,2.3714619,0.92287254,2.7114778,1.7612503,-1.0
2.6457353,1.3062589,1.0969908,2.8590145,1.2837288,-1.0
1.1043797,1.6336759,0.5710189,2.2544427,1.5757414,1.0
1.8483808,2.6358757,0.5823964,1.9760529,1.8159522,-1.0
1.0838538,0.5227387,1.9826065,2.2552023,2.0918155,1.0
2.9064076,2.5466053,0.3578961,2.3644352,2.6870522,-1.0
1.8586663,2.829017,0.5390999,1.3225504,1.8716507,-1.0
1.5137955,1.0960844,0.9982127,2.7839203,1.6210345,1.0
1.506113,1.616648,0.7038203,2.376194,1.5824499,1.0
1.0391322,0.5563121,1.9134171,2.2521694,2.1193943,1.0
1.0379995,3.1155663,0.83708423,0.26585934,0.82436347,-1.0
1.1299574,0.3415176,1.9988505,2.093261,2.1225293,1.0
1.7679611,2.3033512,0.87481797,2.3177836,1.6895275,-1.0
1.4798623,1.5913495,0.7155447,2.7312002,1.5851638,1.0
2.2153747,1.0274916,1.6151997,2.337506,1.2490226,-1.0
0.8976497,1.6905967,1.079121,2.4376373,1.5369145,1.0
2.4827302,2.8239033,0.15833485,1.1973937,2.5535662,-1.0
2.4057927,1.901258,0.96896267,2.7220986,1.790015,-1.0
1.2794601,1.8910308,0.6525111,2.0701184,1.5041859,1.0
2.180304,2.7657728,0.28266436,1.6286231,2.1916208,-1.0
1.6503755,1.6864611,0.44994086,2.6363807,1.5856173,1.0
1.5900694,2.4624367,0.8190912,2.285164,1.5781592,-1.0
1.725317,2.6998487,0.58959305,1.9582194,1.7098132,-1.0
1.6699927,1.0953555,1.3321831,2.217274,1.5467635,-1.0
1.6485608,1.0883023,0.99994683,2.9310815,1.5566212,1.0
1.7708656,2.6835556,0.38644162,2.100066,1.7519424,-1.0
1.428872,1.823167,0.5104189,2.1675866,1.5513718,1.0
2.5134056,1.5996206,0.77428275,2.6576195,1.5660207,-1.0
1.0951136,0.54853,1.9319913,2.4239836,2.068876,1.0
1.4334393,1.096578,1.014118,2.6534486,1.6591454,1.0
2.1327505,2.4996543,0.7149643,1.9965261,2.0121558,-1.0
0.7778936,2.0099835,0.6424111,1.4590878,1.2919022,1.0
1.7449774,2.840208,0.522734,1.3589506,1.7481922,-1.0
1.3928523,1.9951483,0.46596807,1.6434354,1.5130416,1.0
1.8002315,2.0153322,0.10331664,1.423069,1.6559918,1.0
2.3361728,1.108733,1.2125006,2.4198098,1.2387717,-1.0
1.4236997,1.917069,0.30007347,2.1368766,1.5357629,1.0
1.6557584,1.7051922,0.62081975,2.517665,1.5869738,1.0
1.7938789,2.4201057,0.82686913,2.4569814,1.726694,-1.0
1.8357165,1.9075824,1.0540438,2.4573598,1.6452417,-1.0
1.3475393,1.890302,0.3708886,2.0833764,1.5211713,1.0
1.8553133,2.0420992,0.9754521,2.3799865,1.6821432,-1.0
2.517778,2.8419125,0.14755069,1.1116581,2.6070242,-1.0
1.2577562,1.3583118,0.93029684,2.769507,1.6622521,1.0
1.8591194,2.07907,0.09577043,1.3730004,1.6924641,1.0
1.0761964,0.76599294,1.791174,2.7774732,1.98469,1.0
0.0012913541,2.7115216,0.73527956,1.1757764,0.0,1.0
0.8114235,1.9353133,0.73469836,2.2074187,1.3569987,1.0
0.8345999,0.76794434,2.2629406,2.3397822,2.1705997,1.0
